{"loss": [0.024189483374357224, 0.014752418734133244, 0.012025108560919762, 0.010587369091808796, 0.009472602978348732, 0.008686267770826817, 0.008117171004414558, 0.007654682733118534, 0.0071135531179606915, 0.006834589410573244, 0.006472350098192692, 0.006204421631991863, 0.0060020931996405125, 0.0057963780127465725, 0.005599156487733126, 0.00532390596345067, 0.005185699090361595, 0.00503807608038187, 0.004921517334878445, 0.004651965107768774, 0.00465890159830451, 0.004474492743611336, 0.004350819159299135, 0.004212834406644106, 0.004171781241893768, 0.003986644092947245, 0.004019221756607294, 0.003974681254476309, 0.003824308980256319, 0.0037626116536557674, 0.0036635398864746094, 0.0035444253589957952, 0.003531143069267273, 0.003490961855277419, 0.0034058443270623684, 0.003300965763628483, 0.0033144080080091953, 0.0032062907703220844, 0.0031419722363352776, 0.003184546483680606, 0.003032185137271881, 0.0030239929910749197, 0.002906733425334096, 0.0029155444353818893, 0.0028284741565585136, 0.0028610816225409508, 0.002774142660200596, 0.00278244586661458, 0.0028001803439110518, 0.002628317568451166, 0.0026354712899774313, 0.0025887200608849525, 0.0025566397234797478, 0.0025275666266679764, 0.0024692206643521786, 0.002425240585580468, 0.0024951936211436987, 0.002297878498211503, 0.0023598247207701206, 0.0023862665984779596, 0.0022575166076421738, 0.002300031017512083, 0.0021700565703213215, 0.0022946058306843042, 0.0022305219899863005, 0.0021931277588009834, 0.0021462729200720787, 0.002128620631992817, 0.002104440936818719, 0.002043538261204958, 0.0020763666834682226, 0.002039130311459303, 0.002024333458393812, 0.0019062110222876072, 0.002031296491622925, 0.0019450566032901406, 0.0019569701980799437, 0.001981129636988044, 0.0019073457224294543, 0.001909312093630433, 0.0019138825591653585, 0.0018726496491581202, 0.0019153348403051496, 0.0018718375358730555, 0.001770797185599804, 0.0017467737197875977, 0.0017792783910408616, 0.0017356369644403458, 0.0017041402170434594, 0.001688259420916438, 0.0017081781988963485, 0.0016339885769411922, 0.0016289654886350036, 0.0016895612934604287, 0.0016828060615807772, 0.0015878519043326378, 0.0016215520445257425, 0.0015727293211966753, 0.0016382815083488822, 0.0016860275063663721], "mae": [0.10873661190271378, 0.07779589295387268, 0.06714695692062378, 0.061276789754629135, 0.05666923522949219, 0.053316447883844376, 0.0507722944021225, 0.04871213436126709, 0.046373698860406876, 0.04508626461029053, 0.043440014123916626, 0.042049068957567215, 0.04113578423857689, 0.04014468938112259, 0.039256785064935684, 0.03804265707731247, 0.03721873089671135, 0.036640360951423645, 0.03598141297698021, 0.034758519381284714, 0.03462537005543709, 0.033788733184337616, 0.03307008370757103, 0.0325009860098362, 0.03222309798002243, 0.03124597668647766, 0.03145571053028107, 0.031238777562975883, 0.030374513939023018, 0.030246440321207047, 0.02956446446478367, 0.028966983780264854, 0.028841570019721985, 0.028665384277701378, 0.0280848890542984, 0.027676165103912354, 0.027631180360913277, 0.027097461745142937, 0.026726603507995605, 0.027168545871973038, 0.02609866112470627, 0.025991564616560936, 0.02555461972951889, 0.025494186207652092, 0.025082508102059364, 0.025284716859459877, 0.024907443672418594, 0.024835264310240746, 0.02476784959435463, 0.023897236213088036, 0.023865973576903343, 0.02361377514898777, 0.0234706848859787, 0.023283429443836212, 0.023040644824504852, 0.022816667333245277, 0.023210445418953896, 0.02204006351530552, 0.0223846472799778, 0.022582869976758957, 0.02189113013446331, 0.02198649011552334, 0.021293289959430695, 0.02196625806391239, 0.021566998213529587, 0.021400896832346916, 0.021208858117461205, 0.020982282236218452, 0.02086740732192993, 0.020459987223148346, 0.02058805711567402, 0.020406357944011688, 0.020408479496836662, 0.019645437598228455, 0.02034267596900463, 0.019859444350004196, 0.01992383971810341, 0.020174479112029076, 0.019736522808670998, 0.01968386396765709, 0.019866973161697388, 0.01965615712106228, 0.01987505704164505, 0.019608117640018463, 0.01883515529334545, 0.018636785447597504, 0.01909775659441948, 0.01869174651801586, 0.01852056197822094, 0.018326006829738617, 0.018478520214557648, 0.017962303012609482, 0.01790032535791397, 0.018481366336345673, 0.018341373652219772, 0.017757205292582512, 0.01793224737048149, 0.017588475719094276, 0.01806577853858471, 0.018534038215875626], "val_loss": [0.017868855968117714, 0.013205664232373238, 0.011601713486015797, 0.010262156836688519, 0.009679295122623444, 0.009028301574289799, 0.008537951856851578, 0.007738853804767132, 0.007876206189393997, 0.007335289381444454, 0.006981524173170328, 0.008059605956077576, 0.007018811069428921, 0.006530726794153452, 0.006107613444328308, 0.006038694176822901, 0.006520853843539953, 0.006186302285641432, 0.0058936369605362415, 0.006290255580097437, 0.006121284328401089, 0.006098610814660788, 0.0060518416576087475, 0.0058110724203288555, 0.005663359072059393, 0.0053810118697583675, 0.0054280562326312065, 0.005599874537438154, 0.004965905100107193, 0.00504411943256855, 0.005148604512214661, 0.004959155339747667, 0.005922612734138966, 0.005011406261473894, 0.005148351192474365, 0.004934967495501041, 0.006194686982780695, 0.004889904521405697, 0.005822345614433289, 0.004845159128308296, 0.004906014539301395, 0.004722675774246454, 0.0049563017673790455, 0.004887319635599852, 0.00484385434538126, 0.0046824561432003975, 0.004882683511823416, 0.00470687635242939, 0.004676241427659988, 0.005024874582886696, 0.00497475964948535, 0.005292177200317383, 0.004750730004161596, 0.004748348146677017, 0.004488958977162838, 0.004551147110760212, 0.004491837695240974, 0.004625349305570126, 0.004762610420584679, 0.004462177399545908, 0.004362366162240505, 0.004622617736458778, 0.0045372238382697105, 0.004901999142020941, 0.0044053588062524796, 0.004541321657598019, 0.004808312281966209, 0.005040209740400314, 0.004542098380625248, 0.004551801364868879, 0.00429669301956892, 0.004744907841086388, 0.00427640788257122, 0.004480430390685797, 0.004762155935168266, 0.004446300677955151, 0.004424748010933399, 0.004532764665782452, 0.00449003791436553, 0.0049528395757079124, 0.004370926413685083, 0.004521095659583807, 0.004491230007261038, 0.004413643851876259, 0.004519911482930183, 0.004606469068676233, 0.004459666553884745, 0.005286667495965958, 0.004428195767104626, 0.004446730483323336, 0.004688568878918886, 0.004292451776564121, 0.004406139720231295, 0.004497596062719822, 0.004714144393801689, 0.004453627392649651, 0.004637633915990591, 0.00452016294002533, 0.004434369970113039, 0.00455427635461092],