{"loss": [0.07601558417081833, 0.05662153661251068, 0.046452611684799194, 0.0414913035929203, 0.037931133061647415, 0.03536910563707352, 0.033483125269412994, 0.031695034354925156, 0.03000613860785961, 0.029004070907831192], "mae": [0.23522397875785828, 0.19312529265880585, 0.16746699810028076, 0.15428048372268677, 0.14474138617515564, 0.13774406909942627, 0.13243086636066437, 0.12703344225883484, 0.12205382436513901, 0.11911413073539734], "val_loss": [0.06324014812707901, 0.049973417073488235, 0.04326506331562996, 0.041373349726200104, 0.03594496473670006, 0.037447161972522736, 0.032585565000772476, 0.03004027158021927, 0.02890411578118801, 0.030384941026568413], "val_mae": [0.2071763575077057, 0.17785710096359253, 0.15936718881130219, 0.15578196942806244, 0.13905981183052063, 0.14515747129917145, 0.12861156463623047, 0.12142959982156754, 0.11831941455602646, 0.12057788670063019]}