{"loss": [0.04593982920050621, 0.03012210875749588, 0.024755626916885376, 0.021848032251000404, 0.019741440191864967, 0.018451325595378876, 0.017474185675382614, 0.016402361914515495, 0.015417438931763172, 0.014758032746613026, 0.014044216834008694, 0.013611716218292713, 0.012992292642593384, 0.012568024918437004, 0.012166588567197323, 0.011880308389663696, 0.011406545527279377, 0.01120603084564209, 0.011010111309587955, 0.01051587238907814, 0.010337375104427338, 0.010205790400505066, 0.009753147140145302, 0.009685320779681206, 0.009422858245670795, 0.009187780320644379, 0.009032554924488068, 0.00886503979563713, 0.008666111156344414, 0.008604994043707848, 0.008381146937608719, 0.008162747137248516, 0.00815249141305685, 0.008023315109312534, 0.007946852594614029, 0.00775669701397419, 0.0075344061478972435, 0.0075767855159938335, 0.007361614145338535, 0.0072691598907113075, 0.007339772768318653, 0.007005038671195507, 0.006908129435032606, 0.006859466899186373, 0.0068764169700443745, 0.006790056824684143, 0.006531663239002228, 0.006439673714339733, 0.006506567355245352, 0.006324962712824345, 0.006183260586112738, 0.006105139851570129, 0.006185111124068499, 0.005990795791149139, 0.0058983005583286285, 0.0059074461460113525, 0.005745971109718084, 0.005802671890705824, 0.005686846561729908, 0.005651008803397417, 0.005527840461581945, 0.005501816049218178, 0.0053489310666918755, 0.005379274021834135, 0.005437137559056282, 0.00512936245650053, 0.00530087249353528, 0.005106549244374037, 0.005188258830457926, 0.005261191166937351, 0.005000046920031309, 0.004996025934815407, 0.004842517431825399, 0.0049093784764409065, 0.004815156105905771, 0.004892295692116022, 0.004735024180263281, 0.004529920406639576, 0.004554837476462126, 0.004807847552001476, 0.004405065905302763, 0.0047084251418709755, 0.004461315460503101, 0.004435059614479542, 0.004467020742595196, 0.004537207540124655, 0.004525433294475079, 0.0042516915127635, 0.004262968897819519, 0.004245325922966003, 0.004127869848161936, 0.004144860897213221, 0.004024999216198921, 0.0042494782246649265, 0.003963499795645475, 0.0039911759085953236, 0.00396251305937767, 0.004156809765845537, 0.0039768461138010025, 0.00403429614380002], "mae": [0.17069748044013977, 0.12893015146255493, 0.11251699179410934, 0.10317941755056381, 0.0960431843996048, 0.09146993607282639, 0.0880744457244873, 0.08430297672748566, 0.08075156062841415, 0.07830540090799332, 0.0757727324962616, 0.07410664111375809, 0.07180526852607727, 0.0701645240187645, 0.06863953173160553, 0.06765604764223099, 0.06585930287837982, 0.06501147896051407, 0.06418805569410324, 0.062192052602767944, 0.061522871255874634, 0.06087915599346161, 0.05922418460249901, 0.058917559683322906, 0.05798393860459328, 0.0568484328687191, 0.05628505349159241, 0.055589091032743454, 0.05477803945541382, 0.05457734689116478, 0.05354560166597366, 0.05273817107081413, 0.05263889953494072, 0.05217273533344269, 0.05176011845469475, 0.0509270504117012, 0.04997176676988602, 0.05025563761591911, 0.049335237592458725, 0.048910900950431824, 0.0493728406727314, 0.04771660268306732, 0.04738462343811989, 0.04716090112924576, 0.04730718582868576, 0.04699017480015755, 0.04575232043862343, 0.04538773000240326, 0.045469824224710464, 0.044738247990608215, 0.04425559937953949, 0.04398861899971962, 0.04407424479722977, 0.04340200498700142, 0.04288451373577118, 0.04296836629509926, 0.04215393215417862, 0.04260661453008652, 0.042142048478126526, 0.04176406189799309, 0.04133652523159981, 0.041221026331186295, 0.040461182594299316, 0.0405944287776947, 0.04082857072353363, 0.03948625922203064, 0.04033707082271576, 0.03934834897518158, 0.03972334787249565, 0.0402497723698616, 0.03889645263552666, 0.038816481828689575, 0.03810214251279831, 0.03843500837683678, 0.03794550150632858, 0.03828025609254837, 0.037612054497003555, 0.03672304376959801, 0.03670615330338478, 0.037834666669368744, 0.03601561486721039, 0.03738607466220856, 0.03624391183257103, 0.036196593195199966, 0.03633219003677368, 0.036549847573041916, 0.036463309079408646, 0.035177476704120636, 0.03546099737286568, 0.03535046428442001, 0.03476971760392189, 0.03496796637773514, 0.03431394696235657, 0.03537633642554283, 0.03383971378207207, 0.0340915285050869, 0.0338764563202858, 0.034835994243621826, 0.03400981053709984, 0.034150175750255585], "val_loss": [0.034793488681316376, 0.026551485061645508, 0.022441746667027473, 0.019749963656067848, 0.019371647387742996, 0.017663409933447838, 0.017686408013105392, 0.015162602998316288, 0.015710612758994102, 0.01448528841137886, 0.014472060836851597, 0.013422773219645023, 0.015350480563938618, 0.012340313754975796, 0.012457034550607204, 0.012608787976205349, 0.012698809616267681, 0.012140115723013878, 0.011249800212681293, 0.011199143715202808, 0.011184015311300755, 0.010327214375138283, 0.010962309315800667, 0.010289239697158337, 0.011947457678616047, 0.010625750757753849, 0.011646945029497147, 0.011303367093205452, 0.010555921122431755, 0.009535325691103935, 0.01019001379609108, 0.009443951770663261, 0.009445439092814922, 0.009385695680975914, 0.010804745368659496, 0.008693528361618519, 0.009694247506558895, 0.009555178694427013, 0.009478139691054821, 0.009932121261954308, 0.009653551504015923, 0.00878152996301651, 0.009159195236861706, 0.009010378271341324, 0.008729993365705013, 0.008907661773264408, 0.00930402334779501, 0.009420143440365791, 0.009013651870191097, 0.009096640162169933, 0.008573891595005989, 0.009081736207008362, 0.009528501890599728, 0.008763635531067848, 0.00916269514709711, 0.008882056921720505, 0.008586112409830093, 0.00952854286879301, 0.00854442734271288, 0.009036758914589882, 0.008741230703890324, 0.008286318741738796, 0.00876578688621521, 0.008541439659893513, 0.00875126849859953, 0.008446483872830868, 0.008417769335210323, 0.008725002408027649, 0.009667966514825821, 0.009116639383137226, 0.008894423954188824, 0.008572140708565712, 0.008327082730829716, 0.009565538726747036, 0.008623615838587284, 0.008396073244512081, 0.008284855633974075, 0.009057397022843361, 0.008778052404522896, 0.008236019872128963, 0.00972316600382328, 0.008964709006249905, 0.008246397599577904, 0.008060146123170853, 0.008240438997745514, 0.008260590955615044, 0.007980973459780216, 0.008122455328702927, 0.009315844625234604, 0.008100530132651329, 0.0091469194740057, 0.00899794977158308, 0.008878998458385468, 0.008668357506394386, 0.00816470105201006, 0.008412244729697704, 0.008161598816514015, 0.0076553113758563995, 0.008478074334561825, 0.008542532101273537],