{"loss": [0.022932181134819984, 0.014336097054183483, 0.011845064349472523, 0.010324942879378796, 0.009305668994784355, 0.008533954620361328, 0.008036601357161999, 0.007451023440808058, 0.007002010941505432, 0.006704897154122591, 0.006335398647934198, 0.0060972715727984905, 0.00583703862503171, 0.005677687935531139, 0.005411660298705101, 0.00529622845351696, 0.005029088351875544, 0.004900115542113781, 0.004773239605128765, 0.004658186808228493, 0.004563486203551292, 0.004343464970588684, 0.004272119607776403, 0.004205017350614071, 0.004115840420126915, 0.003916147630661726, 0.003883174154907465, 0.003788270289078355, 0.003690476296469569, 0.003725533140823245, 0.003546240972355008, 0.003475913777947426, 0.0033675595186650753, 0.0032843751832842827, 0.0033207598607987165, 0.0032333917915821075, 0.0030936573166400194, 0.003086207201704383, 0.0030252188444137573, 0.0029138086829334497, 0.0029578539542853832, 0.0029079068917781115, 0.0027978571597486734, 0.0027958338614553213, 0.0027510435320436954, 0.0026826923713088036, 0.002644968219101429, 0.002625566441565752, 0.0025163989048451185, 0.002602388383820653, 0.0024854675866663456, 0.0024393214844167233, 0.0024131520185619593, 0.002399029675871134, 0.002294672653079033, 0.002339940518140793, 0.0022393197286874056, 0.002204915275797248, 0.0022233843337744474, 0.002162159886211157, 0.0021215209271758795, 0.002138414653018117, 0.002069217851385474, 0.002169994870200753, 0.0020195504184812307, 0.0019747482147067785, 0.0019921085331588984, 0.002020958112552762, 0.0019385934574529529, 0.0019565655384212732, 0.0018882711883634329, 0.0018484210595488548, 0.0018863251898437738, 0.001810002257116139, 0.0018459304701536894, 0.0017646640771999955, 0.0016857021255418658, 0.001734242308884859, 0.001693463884294033, 0.0017146257450804114, 0.0017088333843275905, 0.0016503469087183475, 0.0016882580239325762, 0.001647402998059988, 0.0016015125438570976, 0.0015763062983751297, 0.0016207722947001457, 0.001556302304379642, 0.001556913717649877, 0.0015184303047135472, 0.0016001805197447538, 0.001562035526148975, 0.0014612472150474787, 0.0014835635665804148, 0.0014722761698067188, 0.0014778865734115243, 0.0014094861689954996, 0.0014864068944007158, 0.0014429534785449505, 0.0014116483507677913], "mae": [0.10486572235822678, 0.07618597894906998, 0.06640805304050446, 0.060132671147584915, 0.05583125352859497, 0.05243612825870514, 0.05027413368225098, 0.047603704035282135, 0.045612189918756485, 0.04432598873972893, 0.04265473783016205, 0.041455116122961044, 0.04005036875605583, 0.039339929819107056, 0.038203004747629166, 0.037534065544605255, 0.03618884086608887, 0.03553434833884239, 0.03492944687604904, 0.034399472177028656, 0.03393186256289482, 0.03278864920139313, 0.03246259316802025, 0.03219906985759735, 0.03183775395154953, 0.030667584389448166, 0.03038075752556324, 0.02994767390191555, 0.029336655512452126, 0.029679259285330772, 0.028613274917006493, 0.028253668919205666, 0.027658965438604355, 0.027272047474980354, 0.027440562844276428, 0.02712182141840458, 0.026379957795143127, 0.026203008368611336, 0.02601235918700695, 0.02520851232111454, 0.025353707373142242, 0.02514079213142395, 0.024489864706993103, 0.024485023692250252, 0.024387631565332413, 0.024144459515810013, 0.023853925988078117, 0.02368752472102642, 0.022988080978393555, 0.023475421592593193, 0.022884422913193703, 0.022600222378969193, 0.02243776246905327, 0.022446613758802414, 0.021808722987771034, 0.02200128510594368, 0.021341733634471893, 0.021215161308646202, 0.02143770642578602, 0.021038763225078583, 0.020806260406970978, 0.02101167105138302, 0.020523490384221077, 0.021068764850497246, 0.02019662782549858, 0.02004118636250496, 0.020096130669116974, 0.020222090184688568, 0.019618963822722435, 0.019876381382346153, 0.019503481686115265, 0.019153397530317307, 0.019361263141036034, 0.019092123955488205, 0.01928243599832058, 0.01863858476281166, 0.018284669145941734, 0.01845533959567547, 0.01825195737183094, 0.018383795395493507, 0.018282108008861542, 0.01815957762300968, 0.018183527514338493, 0.018010785803198814, 0.017701253294944763, 0.01753298006951809, 0.017959514632821083, 0.01758037693798542, 0.01745726726949215, 0.017187733203172684, 0.017710190266370773, 0.017829284071922302, 0.017027506604790688, 0.017162147909402847, 0.016977014020085335, 0.017086103558540344, 0.01663338765501976, 0.01696641929447651, 0.016632461920380592, 0.016523076221346855], "val_loss": [0.015637138858437538, 0.012827320024371147, 0.011197102256119251, 0.010597826912999153, 0.009283341467380524, 0.008631942793726921, 0.008534359745681286, 0.008180467411875725, 0.007474046666175127, 0.006990981288254261, 0.0072893076576292515, 0.006987215485423803, 0.0067557054571807384, 0.006180567666888237, 0.006385104265064001, 0.006320782471448183, 0.0058244140818715096, 0.00619988888502121, 0.005904197692871094, 0.005811089649796486, 0.00579078309237957, 0.006060575135052204, 0.005564392078667879, 0.005227160640060902, 0.005409774370491505, 0.005369866266846657, 0.005306336097419262, 0.00517949927598238, 0.005142056383192539, 0.00523429224267602, 0.005182528402656317, 0.00513475900515914, 0.0050042616203427315, 0.005090911407023668, 0.004978910554200411, 0.0058973440900444984, 0.004915958736091852, 0.004885661415755749, 0.004845977760851383, 0.0048698196187615395, 0.005328572820872068, 0.004802677780389786, 0.004817082546651363, 0.0049590193666517735, 0.004755568690598011, 0.004595073871314526, 0.004764963872730732, 0.00493970001116395, 0.004747661296278238, 0.004714568145573139, 0.004471031948924065, 0.004599079955369234, 0.004964458756148815, 0.0044040195643901825, 0.0049747261218726635, 0.004626610316336155, 0.004537701606750488, 0.0044617243111133575, 0.0045873140916228294, 0.004568758420646191, 0.004587696399539709, 0.004817768465727568, 0.004566761665046215, 0.004847461357712746, 0.004571572411805391, 0.004411798901855946, 0.004716638475656509, 0.00485990708693862, 0.0047701275907456875, 0.004712328780442476, 0.004835166502743959, 0.004638629965484142, 0.004583021625876427, 0.004736253526061773, 0.004727190360426903, 0.004710364621132612, 0.0043955291621387005, 0.004406446125358343, 0.00461634062230587, 0.004338907077908516, 0.004778274334967136, 0.004451882094144821, 0.005050946027040482, 0.004404717590659857, 0.004599062725901604, 0.004537471570074558, 0.004470526706427336, 0.004430021159350872, 0.004591101314872503, 0.004570484161376953, 0.004519789479672909, 0.0046224105171859264, 0.004435508046299219, 0.004590542055666447, 0.004679055418819189, 0.0043807183392345905, 0.0045846072025597095, 0.004458494484424591, 0.004527570679783821, 0.004669899586588144],