{"loss": [0.006774322595447302, 0.0067671784199774265, 0.006519426591694355, 0.006462723016738892, 0.0063957036472857, 0.006284117698669434, 0.006226292811334133, 0.006128352601081133, 0.006001472007483244, 0.005831536371260881, 0.005793042480945587, 0.005833491217344999, 0.00565935717895627, 0.005564384628087282, 0.005501240026205778, 0.005410114768892527, 0.005359507165849209, 0.005336617585271597, 0.005291770212352276, 0.00511946203187108, 0.0051525975577533245, 0.004986225627362728, 0.005032042041420937, 0.004956391640007496, 0.0048110345378518105, 0.004897423088550568, 0.004756486043334007, 0.0047933910973370075, 0.0046927290968596935, 0.0045535983517766, 0.004670735914260149, 0.004513116087764502, 0.00454134214669466, 0.004461785778403282, 0.004415533039718866, 0.004376811906695366, 0.004378268029540777, 0.0043539730831980705, 0.004259205888956785, 0.004161728546023369, 0.004223836585879326, 0.004152379464358091, 0.004143984522670507, 0.004176958929747343, 0.0040118456818163395, 0.004120890982449055, 0.0039789495058357716, 0.0039284005761146545, 0.003983175847679377, 0.003899417584761977, 0.003777356119826436, 0.0038679149001836777, 0.0037323615979403257, 0.003773627569898963, 0.00381999253295362, 0.0036282374057918787, 0.0037593478336930275, 0.0036626870278269053, 0.0035850137937813997, 0.0035183539148420095, 0.003527544904500246, 0.003551400499418378, 0.0034260668326169252, 0.0035113045014441013, 0.0034460430033504963, 0.003565489547327161, 0.003418097272515297, 0.003381565446034074, 0.0034563736990094185, 0.0034584435634315014], "mae": [0.04630991071462631, 0.04621642827987671, 0.045151956379413605, 0.04489766061306, 0.04452379792928696, 0.044024255126714706, 0.043756045401096344, 0.043389443308115005, 0.042780786752700806, 0.04202735796570778, 0.041779324412345886, 0.04190331697463989, 0.04116399958729744, 0.04059707000851631, 0.04041876643896103, 0.04001985490322113, 0.03974469006061554, 0.0397305004298687, 0.03953680396080017, 0.03866414725780487, 0.03886063024401665, 0.03802702575922012, 0.03830774128437042, 0.03791492059826851, 0.037239883095026016, 0.03757418319582939, 0.036909233778715134, 0.03709492087364197, 0.03664175793528557, 0.035994887351989746, 0.03656519576907158, 0.035724904388189316, 0.03596358001232147, 0.035555485635995865, 0.03539317101240158, 0.03522920608520508, 0.03506966307759285, 0.03504430502653122, 0.034541912376880646, 0.03408307954668999, 0.0344182513654232, 0.03395384922623634, 0.034014977514743805, 0.034220509231090546, 0.03334501385688782, 0.03393271192908287, 0.03325090929865837, 0.03291281312704086, 0.03333939239382744, 0.03278081864118576, 0.0323043093085289, 0.032629579305648804, 0.031914934515953064, 0.03228127583861351, 0.032446105033159256, 0.031474363058805466, 0.032140541821718216, 0.031614094972610474, 0.031359851360321045, 0.03090907633304596, 0.03104362264275551, 0.031142449006438255, 0.030470814555883408, 0.03101862035691738, 0.030564505606889725, 0.031185496598482132, 0.030390355736017227, 0.03017219342291355, 0.03052576817572117, 0.03059055097401142], "val_loss": [0.008309642784297466, 0.00728156603872776, 0.00792253203690052, 0.007970255799591541, 0.008452661335468292, 0.007560596335679293, 0.008471840061247349, 0.007784492336213589, 0.006544195115566254, 0.007097369525581598, 0.006860082503408194, 0.006677024066448212, 0.008391235023736954, 0.007007351610809565, 0.006675552111119032, 0.006482996977865696, 0.00648130290210247, 0.0073341852985322475, 0.007048381958156824, 0.006627081893384457, 0.006581326015293598, 0.006391484290361404, 0.006703161634504795, 0.006917340215295553, 0.007287189830094576, 0.006443076301366091, 0.006154690403491259, 0.006364724133163691, 0.00649628508836031, 0.00685260072350502, 0.005775061901658773, 0.0066674379631876945, 0.006310192868113518, 0.00636611832305789, 0.006979591678828001, 0.006200545467436314, 0.006375202443450689, 0.006425731815397739, 0.006439996883273125, 0.006376083940267563, 0.006019356660544872, 0.005843897815793753, 0.006506206002086401, 0.005875058472156525, 0.0066761476919054985, 0.005896924529224634, 0.006239036563783884, 0.005887720268219709, 0.006346254609525204, 0.005729438737034798, 0.006700420286506414, 0.0067929611541330814, 0.007567392662167549, 0.005973109509795904, 0.0061131929978728294, 0.006006137002259493, 0.006700413767248392, 0.006097888108342886, 0.005663678981363773, 0.005788689944893122, 0.0059242467395961285, 0.006052754353731871, 0.005820622202008963, 0.0055924165062606335, 0.007029501721262932, 0.008512990549206734, 0.005935128778219223, 0.005768882110714912, 0.005631490610539913, 0.005452332552522421], "val_mae": [0.051505859941244125, 0.046549759805202484, 0.047950536012649536, 0.049940723925828934, 0.05131820961833, 0.047279827296733856, 0.05233214050531387, 0.048896513879299164, 0.04254281148314476, 0.04519382491707802, 0.0441288948059082, 0.04295479878783226, 0.05181668698787689, 0.04563096538186073, 0.04296039417386055, 0.04195365682244301, 0.04203085973858833, 0.04571128636598587, 0.0444566085934639, 0.04261570796370506, 0.04277418553829193, 0.04145308956503868, 0.04279740899801254, 0.044601816684007645, 0.04475852847099304, 0.04107080027461052, 0.04072165489196777, 0.041071876883506775, 0.04134267941117287, 0.042895834892988205, 0.03783160820603371, 0.04266507551074028, 0.04072825610637665, 0.04104844853281975, 0.04335328936576843, 0.04031930863857269, 0.04027189686894417, 0.0413861982524395, 0.040374934673309326, 0.04220874235033989, 0.03977683186531067, 0.03791017457842827, 0.04099641367793083, 0.037799518555402756, 0.04222934693098068, 0.03860326483845711, 0.04039357230067253, 0.03863940015435219, 0.03924156352877617, 0.03758340701460838, 0.042321957647800446, 0.04286801815032959, 0.04608408361673355, 0.037966519594192505, 0.03956558182835579, 0.037947531789541245, 0.041753415018320084, 0.03879605606198311, 0.03665964677929878, 0.037747859954833984, 0.0383194237947464, 0.039012420922517776, 0.037389565259218216, 0.0361035019159317, 0.04396376758813858, 0.05064019188284874, 0.037326276302337646, 0.037027664482593536, 0.03627071529626846, 0.0355907641351223]}