loss,mae,val_loss,val_mae,epoch
0.02271238900721073,0.10442570596933365,0.016952786594629288,0.08816194534301758,0
0.014376267790794373,0.07652533054351807,0.013187028467655182,0.07039455324411392,1
