{"loss": [0.0683593899011612, 0.05465410649776459, 0.04876048117876053, 0.04538262262940407, 0.043112315237522125, 0.0414198637008667, 0.03977130725979805, 0.03845622017979622, 0.037471625953912735, 0.03639168664813042, 0.03549172729253769, 0.03480720892548561, 0.034110233187675476, 0.03330478072166443, 0.03278212249279022, 0.03232654184103012, 0.03167068213224411, 0.03101799264550209, 0.03071305714547634, 0.030115151777863503, 0.029785653576254845, 0.029400520026683807, 0.02889312244951725, 0.028584107756614685, 0.028217067942023277, 0.027818841859698296, 0.027435995638370514, 0.027907192707061768, 0.027044253423810005, 0.026660500094294548], "mae": [0.2194945365190506, 0.18841445446014404, 0.17373983561992645, 0.16489683091640472, 0.159007728099823, 0.15457940101623535, 0.15017203986644745, 0.1465575248003006, 0.1439172923564911, 0.14093154668807983, 0.13846030831336975, 0.1365107148885727, 0.13460710644721985, 0.13239064812660217, 0.130886971950531, 0.12970905005931854, 0.12783971428871155, 0.12597933411598206, 0.12506867945194244, 0.12342235445976257, 0.12265041470527649, 0.12140538543462753, 0.11989572644233704, 0.11902844160795212, 0.11796227842569351, 0.11695288866758347, 0.11593285948038101, 0.1168510764837265, 0.11465661972761154, 0.11361419409513474], "val_loss": [0.05920745059847832, 0.05342285335063934, 0.047176990658044815, 0.04428407549858093, 0.042478159070014954, 0.041058655828237534, 0.038511231541633606, 0.03966989740729332, 0.03837154433131218, 0.036998048424720764, 0.03587900847196579, 0.033340055495500565, 0.03346865996718407, 0.03469260409474373, 0.03348869830369949, 0.03362390026450157, 0.031730156391859055, 0.030945712700486183, 0.03420422226190567, 0.030149739235639572, 0.03033009171485901, 0.032649729400873184, 0.03270287811756134, 0.029109099879860878, 0.029703982174396515, 0.028258521109819412, 0.028964553028345108, 0.028736134991049767, 0.02956794574856758, 0.028439266607165337], "val_mae": [0.1997535228729248, 0.18561415374279022, 0.17019450664520264, 0.16320616006851196, 0.156764954328537, 0.15205061435699463, 0.14745746552944183, 0.14904539287090302, 0.14669032394886017, 0.14331413805484772, 0.13940735161304474, 0.13231521844863892, 0.1337757557630539, 0.13590027391910553, 0.13119575381278992, 0.13267657160758972, 0.12779948115348816, 0.1270577311515808, 0.13056233525276184, 0.12299862504005432, 0.12354473024606705, 0.12874074280261993, 0.13002429902553558, 0.12030479311943054, 0.12071279436349869, 0.117441825568676, 0.11874254792928696, 0.11771885305643082, 0.11989881098270416, 0.11732636392116547]}