{"loss": [0.044133901596069336, 0.032888732850551605, 0.029223840683698654, 0.02675597369670868, 0.02474287524819374, 0.02320997044444084, 0.02185964025557041, 0.02079356089234352, 0.019787898287177086, 0.01895175129175186, 0.018227137625217438, 0.017473911866545677, 0.01685464009642601, 0.016325267031788826, 0.015792597085237503, 0.015275925397872925, 0.014867381192743778, 0.014488231390714645, 0.014162159524857998, 0.01372595876455307], "mae": [0.16469204425811768, 0.1372496336698532, 0.12668250501155853, 0.1193389967083931, 0.11331409960985184, 0.10856260359287262, 0.10430344194173813, 0.10091584920883179, 0.09773837774991989, 0.09501823037862778, 0.09263712912797928, 0.090196892619133, 0.08812685310840607, 0.08631028234958649, 0.08449143916368484, 0.08282190561294556, 0.08135080337524414, 0.08001458644866943, 0.07881272584199905, 0.07740900665521622], "val_loss": [0.042623065412044525, 0.03214790299534798, 0.02826383151113987, 0.029899129644036293, 0.024630557745695114, 0.022566774860024452, 0.022794082760810852, 0.022281654179096222, 0.01871548220515251, 0.020443551242351532, 0.019461285322904587, 0.02061286009848118, 0.016894562169909477, 0.016730036586523056, 0.016355767846107483, 0.018841059878468513, 0.016567477956414223, 0.016561267897486687, 0.015449577942490578, 0.01623377948999405], "val_mae": [0.1600521206855774, 0.13521164655685425, 0.12443745881319046, 0.13136668503284454, 0.11166878044605255, 0.10678745806217194, 0.1082027330994606, 0.10449253022670746, 0.09344175457954407, 0.09968826919794083, 0.09630542248487473, 0.09866844117641449, 0.08806513249874115, 0.08788716048002243, 0.08572790771722794, 0.09305359423160553, 0.08526914566755295, 0.08692724257707596, 0.08281583338975906, 0.08378477394580841]}