{"loss": [0.015000520274043083, 0.013974928297102451, 0.013140875846147537, 0.012467657215893269, 0.011875374242663383, 0.01141283381730318, 0.010966365225613117, 0.0105722825974226, 0.01008691731840372, 0.009895063936710358, 0.009532344527542591, 0.009151329286396503, 0.009070223197340965, 0.008649531751871109, 0.008638698607683182, 0.008319389075040817, 0.008146893233060837, 0.008047128096222878, 0.0078083183616399765, 0.00760066881775856, 0.0074571953155100346, 0.007281855680048466, 0.007155097555369139, 0.007029085420072079, 0.0069494713097810745], "mae": [0.07921671867370605, 0.07546590268611908, 0.07234464585781097, 0.06980729103088379, 0.06750024855136871, 0.06570509821176529, 0.06390742212533951, 0.06230422481894493, 0.06044953316450119, 0.059496890753507614, 0.05809589847922325, 0.056524697691202164, 0.056121714413166046, 0.0543975830078125, 0.05439296364784241, 0.05298463627696037, 0.05230724439024925, 0.051817599684000015, 0.05089859291911125, 0.0499362014234066, 0.04928082972764969, 0.048440512269735336, 0.04802868887782097, 0.04732272028923035, 0.04711810126900673], "val_loss": [0.014211597852408886, 0.014193912968039513, 0.012493597343564034, 0.013519695028662682, 0.01218374166637659, 0.011406402103602886, 0.011504986323416233, 0.010064810514450073, 0.01149802841246128, 0.012542552314698696, 0.010384426452219486, 0.00985736958682537, 0.009075766429305077, 0.009403715841472149, 0.009090530686080456, 0.009154125116765499, 0.009701939299702644, 0.00829384010285139, 0.009238969534635544, 0.010005203075706959, 0.00887981802225113, 0.008105474524199963, 0.008185343816876411, 0.007503395434468985, 0.007522119674831629], "val_mae": [0.07563886791467667, 0.07652326673269272, 0.07000277936458588, 0.07394219189882278, 0.06777739524841309, 0.06538216769695282, 0.06474816799163818, 0.059832267463207245, 0.06460407376289368, 0.06802469491958618, 0.06038013473153114, 0.0575251504778862, 0.05490037426352501, 0.05627676099538803, 0.05498819798231125, 0.0552387610077858, 0.05686564743518829, 0.05096662789583206, 0.056787941604852676, 0.057713061571121216, 0.05375193804502487, 0.050328854471445084, 0.050703033804893494, 0.047642335295677185, 0.04747326299548149]}