{"loss": [0.016176478937268257, 0.015047279186546803, 0.013939336873590946, 0.012962598353624344, 0.012330150231719017, 0.011759627610445023, 0.011183672584593296, 0.010797386057674885, 0.010441293939948082, 0.010068235918879509, 0.009634377434849739, 0.00946451723575592, 0.009152372367680073, 0.008854796178638935, 0.008702967315912247, 0.008380386978387833, 0.008184668608009815, 0.008113211020827293, 0.007899556308984756, 0.00770952645689249, 0.007536689750850201, 0.0074325199238955975, 0.00725950114428997, 0.007040814962238073, 0.00699709914624691, 0.006885292008519173, 0.006723339203745127, 0.006570263300091028, 0.006473065819591284, 0.006429305300116539, 0.006271703634411097, 0.006261075846850872, 0.0061108688823878765, 0.005932046100497246, 0.0059204064309597015, 0.005749469622969627, 0.005724012386053801, 0.005641609895974398, 0.005788180511444807, 0.0056461673229932785, 0.005494533572345972, 0.0053034573793411255, 0.005381348077207804, 0.005262179300189018, 0.0052455635741353035, 0.005130722187459469, 0.0050735981203615665, 0.005010407418012619, 0.0049491943791508675, 0.004925271030515432, 0.004883619956672192, 0.004819185938686132, 0.00476476363837719, 0.0047578089870512486, 0.004665524698793888, 0.004547242075204849, 0.004524356685578823, 0.004497998394072056, 0.0044386242516338825, 0.004517483990639448, 0.004355165641754866, 0.004372498951852322, 0.004246069118380547, 0.004287250805646181, 0.004228298552334309, 0.004181704483926296, 0.004118210170418024, 0.004067732486873865, 0.003966607619076967, 0.004078183323144913], "mae": [0.08415099233388901, 0.08001863956451416, 0.07578384876251221, 0.07219346612691879, 0.06967450678348541, 0.0674641951918602, 0.06517834961414337, 0.06360369920730591, 0.06217136234045029, 0.06060728803277016, 0.05882490053772926, 0.058082520961761475, 0.05670708045363426, 0.05551692098379135, 0.054970186203718185, 0.053475163877010345, 0.0526386983692646, 0.05244862660765648, 0.05142546445131302, 0.050595786422491074, 0.049770861864089966, 0.04929926618933678, 0.048627931624650955, 0.04770034924149513, 0.04757717624306679, 0.04687163233757019, 0.046169213950634, 0.0454559400677681, 0.045089323073625565, 0.044775426387786865, 0.04410510137677193, 0.044222019612789154, 0.04338061437010765, 0.042517900466918945, 0.04245898127555847, 0.041705984622240067, 0.041586682200431824, 0.04123756289482117, 0.0419398657977581, 0.041230373084545135, 0.04042665660381317, 0.03973820433020592, 0.039911724627017975, 0.03941918537020683, 0.03924976661801338, 0.03872394561767578, 0.03852451965212822, 0.0381590873003006, 0.037903860211372375, 0.03776177391409874, 0.03766041621565819, 0.03732069581747055, 0.03692618012428284, 0.03697340935468674, 0.036471348255872726, 0.036019016057252884, 0.03575470298528671, 0.0355825275182724, 0.035317692905664444, 0.035752955824136734, 0.034916192293167114, 0.03509915992617607, 0.03449701517820358, 0.03467237576842308, 0.034166477620601654, 0.034015681594610214, 0.033741194754838943, 0.033446360379457474, 0.032965634018182755, 0.03358535096049309], "val_loss": [0.015800723806023598, 0.014385697431862354, 0.013970321044325829, 0.013858056627213955, 0.012170419096946716, 0.011428836733102798, 0.012173717841506004, 0.012466948479413986, 0.011147374287247658, 0.01007841993123293, 0.01001555472612381, 0.01123935915529728, 0.009648505598306656, 0.009818729013204575, 0.009333886206150055, 0.009136082604527473, 0.009133696556091309, 0.008307414129376411, 0.008825697004795074, 0.009344615042209625, 0.008102570660412312, 0.008796442300081253, 0.008921735920011997, 0.007272277493029833, 0.008018924854695797, 0.0077813114039599895, 0.007582823280245066, 0.0077587091363966465, 0.007445656228810549, 0.007367513608187437, 0.00784571748226881, 0.0074817887507379055, 0.006832370068877935, 0.0070015788078308105, 0.007273373659700155, 0.007054299581795931, 0.0068489620462059975, 0.0064616440795362, 0.006514749024063349, 0.006499586161226034, 0.0075918748043477535, 0.006786474958062172, 0.007756061386317015, 0.006990657187998295, 0.006842110306024551, 0.006414760369807482, 0.006448401138186455, 0.006812183186411858, 0.006367920897901058, 0.0068456558510661125, 0.00725024426355958, 0.006312805227935314, 0.006711283233016729, 0.008200589567422867, 0.006514064967632294, 0.0067157926969230175, 0.006110670045018196, 0.0062779393047094345, 0.006072135642170906, 0.006342403590679169, 0.008180784992873669, 0.005899238865822554, 0.0060383970849215984, 0.006351339165121317, 0.006497819907963276, 0.006188258063048124, 0.0059259189292788506, 0.006064309272915125, 0.006286033894866705, 0.006477375514805317], "val_mae": [0.08192352950572968, 0.07806718349456787, 0.07456273585557938, 0.074930839240551, 0.0681150034070015, 0.06527380645275116, 0.06864120811223984, 0.07100023329257965, 0.06313874572515488, 0.05889686569571495, 0.0589945912361145, 0.0660170465707779, 0.05812549963593483, 0.05763745307922363, 0.055901940912008286, 0.05504963919520378, 0.054364945739507675, 0.05180029571056366, 0.053676001727581024, 0.054757148027420044, 0.050747763365507126, 0.05386161059141159, 0.05507253482937813, 0.04661809653043747, 0.04859352484345436, 0.049289535731077194, 0.048331160098314285, 0.05039830133318901, 0.04793398082256317, 0.04750395193696022, 0.04967036098241806, 0.04690732806921005, 0.04435744509100914, 0.04495155066251755, 0.04664291813969612, 0.045268427580595016, 0.04433868080377579, 0.04305953159928322, 0.04188833385705948, 0.042663831263780594, 0.04825037345290184, 0.043913256376981735, 0.04737421125173569, 0.04416613280773163, 0.044112324714660645, 0.04120858758687973, 0.04169261083006859, 0.0430532842874527, 0.04162194952368736, 0.04349828138947487, 0.04662396013736725, 0.04062999412417412, 0.042982231825590134, 0.04857388883829117, 0.04222678393125534, 0.04162357747554779, 0.03967587649822235, 0.040982767939567566, 0.039627689868211746, 0.04090118408203125, 0.049508269876241684, 0.03871522471308708, 0.03938758373260498, 0.04084598273038864, 0.04110080376267433, 0.040842726826667786, 0.038290947675704956, 0.03936891257762909, 0.039696890860795975, 0.04147906228899956]}