{"loss": [0.08084950596094131, 0.06963005661964417, 0.05988606810569763, 0.05363653972744942, 0.04928699880838394, 0.04632128030061722, 0.04394252970814705, 0.04187683016061783, 0.040181443095207214, 0.03873741999268532, 0.037343449890613556, 0.03614452853798866, 0.03504640609025955, 0.033993449062108994, 0.03298742324113846, 0.03215153142809868, 0.03137645497918129, 0.030643366277217865, 0.029816675931215286, 0.029114456847310066, 0.02842859737575054, 0.027872249484062195, 0.027233950793743134, 0.026684261858463287, 0.026097526773810387, 0.0256646815687418, 0.025181446224451065, 0.02467885985970497, 0.02434302493929863, 0.023906061425805092, 0.023472227156162262, 0.023046236485242844, 0.022702420130372047, 0.022316446527838707, 0.02197142317891121, 0.021618865430355072, 0.021312572062015533, 0.021006880328059196, 0.02062062919139862, 0.020354563370347023, 0.02001412771642208, 0.019814787432551384, 0.019472766667604446, 0.019280629232525826, 0.01892835646867752, 0.018638983368873596, 0.01846056431531906, 0.018262995406985283, 0.017961738631129265, 0.017716500908136368], "mae": [0.24533012509346008, 0.22274960577487946, 0.2008117139339447, 0.18569545447826385, 0.1746358871459961, 0.16696801781654358, 0.16079181432724, 0.15527117252349854, 0.15052630007266998, 0.1464294046163559, 0.14262382686138153, 0.1392858773469925, 0.13617247343063354, 0.1332111358642578, 0.13038691878318787, 0.12800833582878113, 0.12569795548915863, 0.12347251176834106, 0.12112674117088318, 0.11917653679847717, 0.11712130159139633, 0.11544392257928848, 0.11365588754415512, 0.11195532232522964, 0.11017861217260361, 0.10901496559381485, 0.10737582296133041, 0.10593560338020325, 0.10493142157793045, 0.10349218547344208, 0.10232924669981003, 0.10092543810606003, 0.09986153244972229, 0.09871166944503784, 0.09761571884155273, 0.09646505862474442, 0.09561444073915482, 0.09454407542943954, 0.0934564545750618, 0.09249512851238251, 0.09154127538204193, 0.0908331498503685, 0.08978638052940369, 0.08919799327850342, 0.08808639645576477, 0.08721719682216644, 0.08669651299715042, 0.08588080108165741, 0.08504864573478699, 0.08420172333717346], "val_loss": [0.07378513365983963, 0.06762534379959106, 0.06139615178108215, 0.052026230841875076, 0.04693957418203354, 0.051766443997621536, 0.04598226398229599, 0.04191999137401581, 0.03955921158194542, 0.03728072717785835, 0.03841419890522957, 0.03724875673651695, 0.03395020216703415, 0.033808063715696335, 0.03329987823963165, 0.0335715115070343, 0.03185800835490227, 0.03061058558523655, 0.033988915383815765, 0.03049341030418873, 0.029745038598775864, 0.028416484594345093, 0.027082037180662155, 0.02784627303481102, 0.02573757991194725, 0.03263833746314049, 0.02621489204466343, 0.02989768609404564, 0.02615196630358696, 0.025014134123921394, 0.02544851042330265, 0.028481708839535713, 0.025121666491031647, 0.02937466837465763, 0.024845216423273087, 0.02684161253273487, 0.023145264014601707, 0.023354321718215942, 0.025000033900141716, 0.022439533844590187, 0.023249242454767227, 0.024198291823267937, 0.022893106564879417, 0.022481126710772514, 0.02327992022037506, 0.02242089994251728, 0.022836871445178986, 0.022425688803195953, 0.022221649065613747, 0.022152669727802277], "val_mae": [0.23206739127635956, 0.2195538729429245, 0.19882620871067047, 0.1794310212135315, 0.1671818345785141, 0.181566059589386, 0.1694861799478531, 0.15546004474163055, 0.14998483657836914, 0.1403639316558838, 0.1409635990858078, 0.14116401970386505, 0.13395819067955017, 0.1334378570318222, 0.1316394805908203, 0.13129505515098572, 0.13124053180217743, 0.12256620079278946, 0.1312958151102066, 0.12220948189496994, 0.11857154965400696, 0.11818817257881165, 0.11366701126098633, 0.11492245644330978, 0.10871796309947968, 0.12144824117422104, 0.11035596579313278, 0.12058761715888977, 0.10997317731380463, 0.10659102350473404, 0.10860363394021988, 0.11171320825815201, 0.10594648867845535, 0.11245834082365036, 0.10387437045574188, 0.11145768314599991, 0.10013606399297714, 0.1012103408575058, 0.10199899971485138, 0.09681546688079834, 0.09772022813558578, 0.10198834538459778, 0.0966990664601326, 0.09836538881063461, 0.0976896733045578, 0.0979660153388977, 0.0966372862458229, 0.09546913206577301, 0.09371864795684814, 0.09327246248722076]}