{"loss": [0.039201878011226654, 0.03040573000907898, 0.027327584102749825, 0.025322364643216133, 0.023715320974588394, 0.022495059296488762, 0.021495282649993896, 0.020626531913876534, 0.01987423188984394, 0.019166039302945137, 0.018693679943680763, 0.018087517470121384, 0.017671266570687294, 0.017167268320918083, 0.016746725887060165, 0.016401246190071106, 0.016009459272027016, 0.015562454238533974, 0.015262031927704811, 0.014953263103961945], "mae": [0.15314488112926483, 0.12946870923042297, 0.1199735775589943, 0.1137659028172493, 0.10868553817272186, 0.10484558343887329, 0.1016257107257843, 0.09869390726089478, 0.09617151319980621, 0.09391666948795319, 0.0923459380865097, 0.09036713093519211, 0.08891972154378891, 0.08721121400594711, 0.08568108081817627, 0.0846644714474678, 0.08335138857364655, 0.08188961446285248, 0.08084893226623535, 0.07979550957679749], "val_loss": [0.0312191229313612, 0.02939983271062374, 0.026373839005827904, 0.023113178089261055, 0.022773494943976402, 0.022974079474806786, 0.02151563949882984, 0.01941848360002041, 0.019229872152209282, 0.018120918422937393, 0.0189667996019125, 0.018069161102175713, 0.019420327618718147, 0.017236674204468727, 0.016235878691077232, 0.017998114228248596, 0.02062375843524933, 0.015771940350532532, 0.01756889745593071, 0.017654135823249817], "val_mae": [0.13326413929462433, 0.12737278640270233, 0.11769738048315048, 0.10818168520927429, 0.10422759503126144, 0.10689721256494522, 0.10217232257127762, 0.09443964809179306, 0.09394107013940811, 0.08987684547901154, 0.09184204041957855, 0.08969780057668686, 0.09373510628938675, 0.0874125212430954, 0.08432868868112564, 0.08917897939682007, 0.09546877443790436, 0.08367025852203369, 0.08704887330532074, 0.0878225713968277]}