{"loss": [0.027000639587640762, 0.012225722894072533, 0.008760680444538593, 0.007029677741229534, 0.006048993207514286, 0.005484793335199356, 0.005013420712202787, 0.004689512774348259, 0.004406701773405075, 0.004202463664114475, 0.003969103563576937, 0.0037871389649808407, 0.003617036622017622, 0.0034697100054472685, 0.0033353036269545555, 0.003243516432121396, 0.003153352765366435, 0.003026238176971674, 0.0029525200370699167, 0.002876409562304616, 0.0028329123742878437, 0.002790994942188263, 0.002725212136283517, 0.002695010742172599, 0.0026330933906137943, 0.002566710812970996, 0.0025344560854136944, 0.002485487377271056, 0.00244122464209795, 0.002400158904492855, 0.0023765605874359608, 0.0023361188359558582, 0.0022912330459803343, 0.0022706445306539536, 0.0021995422430336475, 0.002213879022747278, 0.0021820818074047565, 0.002139075892046094, 0.0021452754735946655, 0.002096048556268215], "mae": [0.12200246751308441, 0.07912522554397583, 0.06545735150575638, 0.057890016585588455, 0.05324713513255119, 0.050010889768600464, 0.04753221198916435, 0.04574530944228172, 0.0440419539809227, 0.042779166251420975, 0.041458625346422195, 0.040180668234825134, 0.03901268541812897, 0.03803304582834244, 0.03719006106257439, 0.03648899495601654, 0.03576561063528061, 0.03499622642993927, 0.03450057655572891, 0.03398328647017479, 0.03359999880194664, 0.033218007534742355, 0.03286349028348923, 0.03264780715107918, 0.03227580338716507, 0.031808819621801376, 0.03174407407641411, 0.031324051320552826, 0.03104531206190586, 0.030730951577425003, 0.030462361872196198, 0.030178699642419815, 0.02975594252347946, 0.029590006917715073, 0.029175644740462303, 0.02914058044552803, 0.028851881623268127, 0.028521331027150154, 0.028487123548984528, 0.02816251665353775], "val_loss": [0.017414644360542297, 0.031326670199632645, 0.020820152014493942, 0.004969778936356306, 0.013461611233651638, 0.003892013803124428, 0.0038770674727857113, 0.004805515054613352, 0.009539283812046051, 0.003726910101249814, 0.0048406003043055534, 0.0063234372064471245, 0.004176608286798, 0.0030245273374021053, 0.0038478397764265537, 0.003857431234791875, 0.0034690522588789463, 0.00364589667879045, 0.0034837869461625814, 0.003765535308048129, 0.0032426195684820414, 0.002895787125453353, 0.0036399189848452806, 0.001967093674466014, 0.0021444926969707012, 0.005251416936516762, 0.0019614202901721, 0.0022420918103307486, 0.0021433995570987463, 0.0020612096413969994, 0.0020934694912284613, 0.002661463338881731, 0.002537388587370515, 0.0030513869132846594, 0.0023548828903585672, 0.0021181555930525064, 0.004777382593601942, 0.0028821167070418596, 0.002425842685624957, 0.0016361091984435916], "val_mae": [0.09632055461406708, 0.1369890421628952, 0.10150975733995438, 0.04716453328728676, 0.08985787630081177, 0.04029807075858116, 0.04075363650918007, 0.04884256422519684, 0.07080575078725815, 0.03845493122935295, 0.04708587005734444, 0.0621146522462368, 0.04434255138039589, 0.03706257417798042, 0.041917093098163605, 0.04023940488696098, 0.03819787874817848, 0.041095275431871414, 0.04076547175645828, 0.04126331955194473, 0.03933136165142059, 0.03561285510659218, 0.04054444655776024, 0.027269279584288597, 0.027173126116394997, 0.04658931493759155, 0.02713150903582573, 0.03250148147344589, 0.027688754722476006, 0.029007215052843094, 0.029177866876125336, 0.034890830516815186, 0.031921662390232086, 0.035405825823545456, 0.029553934931755066, 0.028402315452694893, 0.04737413674592972, 0.035945162177085876, 0.03304337337613106, 0.025599142536520958]}