{"loss": [0.03435930982232094, 0.012318830005824566, 0.009106425568461418, 0.007533951662480831, 0.006473929155617952, 0.005736781749874353, 0.005094380583614111, 0.004706733860075474, 0.004389365203678608, 0.004141990095376968, 0.003932605031877756, 0.0037237585056573153, 0.0035956192295998335, 0.0034414122346788645, 0.003337106667459011, 0.0032112998887896538, 0.0031237225048244, 0.003033993998542428, 0.0029776585288345814, 0.0028777976986020803, 0.0028309780173003674, 0.0027549671940505505, 0.00271570379845798, 0.0026753791607916355, 0.002640148624777794, 0.002612255746498704, 0.0025274185463786125, 0.002475910121574998, 0.0024461806751787663, 0.002411195542663336], "mae": [0.13783180713653564, 0.07747890055179596, 0.0650411918759346, 0.05796778202056885, 0.0533740408718586, 0.049727268517017365, 0.04666709154844284, 0.04417096823453903, 0.04245781525969505, 0.04099768027663231, 0.039677008986473083, 0.03835940361022949, 0.037430912256240845, 0.03642449527978897, 0.035714201629161835, 0.03507613018155098, 0.03422841057181358, 0.033809784799814224, 0.033225059509277344, 0.0326511450111866, 0.03228853642940521, 0.031770482659339905, 0.03149578347802162, 0.031163355335593224, 0.030894016847014427, 0.0306473970413208, 0.030214965343475342, 0.029863391071558, 0.029549887403845787, 0.029275011271238327], "val_loss": [0.015151879750192165, 0.010685482993721962, 0.009354489855468273, 0.013460607267916203, 0.00830291211605072, 0.005519697908312082, 0.003724189940840006, 0.00856331828981638, 0.009821784682571888, 0.003821490565314889, 0.004016440827399492, 0.003630793886259198, 0.0025977797340601683, 0.006617480888962746, 0.0027993014082312584, 0.008615421131253242, 0.0020874878391623497, 0.00262847519479692, 0.002440369687974453, 0.002114346716552973, 0.004312419332563877, 0.0023240542504936457, 0.0025296611711382866, 0.002306238980963826, 0.0035152342170476913, 0.0029092130716890097, 0.0023632640950381756, 0.001775566372089088, 0.0021608665119856596, 0.0026019462384283543], "val_mae": [0.08925629407167435, 0.07264423370361328, 0.06919804960489273, 0.08497984707355499, 0.060034025460481644, 0.052660390734672546, 0.037911634892225266, 0.06310353428125381, 0.06707572937011719, 0.03678432106971741, 0.04043693467974663, 0.039186201989650726, 0.031475260853767395, 0.06255529075860977, 0.03480659797787666, 0.06484691798686981, 0.02629203535616398, 0.031176971271634102, 0.03067520074546337, 0.025300661101937294, 0.04308539628982544, 0.029407229274511337, 0.02675245702266693, 0.026072463020682335, 0.03857618570327759, 0.03918803110718727, 0.02981892228126526, 0.023974796757102013, 0.026510190218687057, 0.02957819402217865]}