{"loss": [0.030676184222102165, 0.014013619162142277, 0.010334104299545288, 0.008299672976136208, 0.007019446697086096, 0.006163904443383217, 0.0055778129026293755, 0.00517526688054204, 0.004846192896366119, 0.004582028370350599, 0.004324298817664385, 0.0041374885477125645, 0.003921272698789835, 0.003800410544499755, 0.0037239145021885633, 0.003575095906853676, 0.0034569958224892616, 0.003373113228008151, 0.003294446039944887, 0.003221339313313365, 0.0031257830560207367, 0.0030457531102001667, 0.002985663479194045, 0.002909190021455288, 0.0028476009611040354, 0.002793460851535201, 0.002739428775385022, 0.002700866898521781, 0.0026672559324651957, 0.0026389784179627895, 0.0026027339044958353, 0.0025422649923712015, 0.0025335291866213083, 0.002462780335918069, 0.002431196393445134, 0.0023923206608742476, 0.002391235902905464, 0.002356502925977111, 0.0023257513530552387, 0.002305742120370269, 0.0022793521638959646, 0.0022696724627166986, 0.002242581220343709, 0.002213580533862114, 0.0021868960466235876, 0.002157882321625948, 0.002189888386055827, 0.0021613254211843014, 0.002124236896634102, 0.002094301162287593, 0.0020880347583442926, 0.002076483564451337, 0.00206420524045825, 0.002033442258834839, 0.002009378746151924, 0.0020004790276288986, 0.001977216685190797, 0.0019895872101187706, 0.001958454493433237, 0.0019359855214133859, 0.0019377439748495817, 0.001924791606143117, 0.0019079323392361403, 0.0018766120774671435, 0.0018642758950591087, 0.001867204438894987, 0.001832505571655929, 0.0018221776699647307, 0.0018070274963974953, 0.0018070590449497104, 0.0017975472146645188, 0.001785188214853406, 0.001778502482920885, 0.0017895747441798449, 0.0017750115366652608, 0.0017529921606183052, 0.0017392205772921443, 0.0017416045302525163, 0.0017118898686021566, 0.0017154415836557746, 0.001715740654617548, 0.001707217888906598, 0.0016826367937028408, 0.0016815689159557223, 0.0016755819087848067, 0.0016655761282891035, 0.0016736744437366724, 0.001654500374570489, 0.0016381987370550632, 0.0016540016513317823, 0.0016341968439519405, 0.0016289267223328352, 0.0016227129381150007, 0.0016307393088936806, 0.001616607652977109, 0.0016035884618759155, 0.001598738948814571, 0.0016054100124165416, 0.0015883119776844978, 0.0015964063350111246], "mae": [0.13151203095912933, 0.08637020736932755, 0.07274603098630905, 0.06408608704805374, 0.05810019373893738, 0.053595952689647675, 0.050727467983961105, 0.048380810767412186, 0.04652796685695648, 0.044691137969493866, 0.04333239048719406, 0.042057380080223083, 0.040894608944654465, 0.04014555364847183, 0.039413321763277054, 0.038644906133413315, 0.037829089909791946, 0.037267912179231644, 0.036774635314941406, 0.0362376794219017, 0.03575289994478226, 0.03522082045674324, 0.03478565067052841, 0.03414144739508629, 0.03364865854382515, 0.033407408744096756, 0.03303738310933113, 0.03275375813245773, 0.03242874518036842, 0.03219703584909439, 0.031973157078027725, 0.03148100897669792, 0.03143781051039696, 0.03090720809996128, 0.030727822333574295, 0.030334610491991043, 0.03013898991048336, 0.030029550194740295, 0.029814591631293297, 0.029616784304380417, 0.029462167993187904, 0.029251297935843468, 0.02908959612250328, 0.028935318812727928, 0.028691129758954048, 0.02853078581392765, 0.028528889641165733, 0.02835669554769993, 0.028177035972476006, 0.02798648364841938, 0.0277927964925766, 0.027653811499476433, 0.027590494602918625, 0.02744346484541893, 0.027210533618927002, 0.027003267779946327, 0.026935981586575508, 0.026728542521595955, 0.026457056403160095, 0.026465263217687607, 0.026334848254919052, 0.02633802592754364, 0.02609053999185562, 0.026020510122179985, 0.02587377466261387, 0.0258761178702116, 0.025640707463026047, 0.025493798777461052, 0.025476517155766487, 0.02537408284842968, 0.025260619819164276, 0.02513771317899227, 0.025114616379141808, 0.025052053853869438, 0.025021929293870926, 0.0249127559363842, 0.02475638873875141, 0.024764426052570343, 0.02456400729715824, 0.024506598711013794, 0.024436023086309433, 0.024386581033468246, 0.024271972477436066, 0.024176517501473427, 0.024156983941793442, 0.02402419038116932, 0.024068720638751984, 0.023920021951198578, 0.02377193234860897, 0.023886078968644142, 0.02370324730873108, 0.023683585226535797, 0.023584410548210144, 0.02350243367254734, 0.023500487208366394, 0.02343858778476715, 0.02335353195667267, 0.023291662335395813, 0.02327899821102619, 0.02318853884935379], "val_loss": [0.03978792577981949, 0.014040193520486355, 0.00943597499281168, 0.0071779098361730576, 0.007799284067004919, 0.008301205933094025, 0.004967883694916964, 0.010445606894791126, 0.00416033947840333, 0.003720780834555626, 0.005654010456055403, 0.0037552095018327236, 0.004486769903451204, 0.005789406597614288, 0.002768709557130933, 0.0029649415519088507, 0.0030537645798176527, 0.008733963593840599, 0.004492337349802256, 0.0028129073325544596, 0.0025485809892416, 0.002233189297839999, 0.0031587646808475256, 0.0036765867844223976, 0.005390798673033714, 0.0038734115660190582, 0.0030924067832529545, 0.0037025853525847197, 0.004193159285932779, 0.006497255526483059, 0.0021936025004833937, 0.0031649095471948385, 0.004000639542937279, 0.0032189853955060244, 0.0020381647627800703, 0.005409437697380781, 0.0019522275542840362, 0.0028463632334023714, 0.0029403725638985634, 0.00195976160466671, 0.001935367239639163, 0.002229110337793827, 0.0028727238532155752, 0.006558145396411419, 0.0017854514298960567, 0.002119065262377262, 0.0036535358522087336, 0.0017851957818493247, 0.001671350677497685, 0.0023187000770121813, 0.001862737932242453, 0.0021340500097721815, 0.0027556587010622025, 0.0035153108183294535, 0.0016057316679507494, 0.005260837730020285, 0.0019322463776916265, 0.00173245370388031, 0.0017388046253472567, 0.0015887173358350992, 0.002101687015965581, 0.002086858032271266, 0.0019677327945828438, 0.0024215576704591513, 0.0025439918972551823, 0.0015696852933615446, 0.003279617056250572, 0.003642144612967968, 0.0015346651198342443, 0.0018487500492483377, 0.0028793509118258953, 0.002395759569481015, 0.0015048609348013997, 0.0015131683321669698, 0.0017926801228895783, 0.001874330802820623, 0.001736813923344016, 0.004395511467009783, 0.0028969873674213886, 0.0017443393589928746, 0.0021560401655733585, 0.0014728240203112364, 0.0021065576002001762, 0.0018830031622201204, 0.001511255744844675, 0.002764079486951232, 0.001597421825863421, 0.0013727318728342652, 0.0028050222899764776, 0.0019186110002920032, 0.00264029111713171, 0.0014971146592870355, 0.0013633534545078874, 0.001472354750148952, 0.001741167507134378, 0.002415024908259511, 0.0024531574454158545, 0.0015687579289078712, 0.001993519952520728, 0.001579056028276682],